{"_id":{"$oid":"5e041e7a765d332ae59bac03"},"nom":"porte","type":"iphone","description":"portable rose froissee mais pas cool ","__v":0}
{"_id":{"$oid":"5e0431bbb77401392271a74b"},"nom":"portable","type":"samsung","description":"portable bleue taille prim","__v":0}
{"_id":{"$oid":"5e0431d5b77401392271a74c"},"nom":"portable","type":"iphone ","description":"iphone 7 fissuree ","__v":0}
{"_id":{"$oid":"5e0435d3b77401392271a74d"},"nom":"acer p30","type":"ordinateur portablle","description":"ordinateur 15 pouces de couleur bleu","__v":0}
{"_id":{"$oid":"5e0435f0b77401392271a74e"},"nom":"hp 220","type":"ordinateur portablle","description":"ordinateur portable de couleur noir ","__v":0}
{"_id":{"$oid":"5e04360bb77401392271a74f"},"nom":"nokia 98","type":"portable","description":"nokia des années 80 ","__v":0}
