[
  {
    "id": 8,
    "nomNouvel": "pp75",
    "contenu": "mr BA5."
  },
  {
    "id": 7,
    "nomNouvel": "pp7",
    "contenu": "mr BA57."
  },
  {
    "id": 6,
    "nomNouvel": "pp6",
    "contenu": "mr BA56."
  },
  {
    "id": 5,
    "nomNouvel": "pp5",
    "contenu": "mr BA5."
  },
  {
    "id": 4,
    "nomNouvel": "pp4",
    "contenu": "mr BA4."
  },
  {
    "nomNouvel": "pp333",
    "contenu": "mr BA33",
    "id": "3"
  },
  {
    "id": 2,
    "nomNouvel": "pp2",
    "contenu": "mr BA2."
  },
  {
    "nomNouvel": "pp11111111",
    "contenu": "mr BA11",
    "id": "1"
  }
]